<?xml version="1.0" encoding="UTF-8"?>

<mule xmlns:ee="http://www.mulesoft.org/schema/mule/ee/core" xmlns:db="http://www.mulesoft.org/schema/mule/db"
	xmlns:http="http://www.mulesoft.org/schema/mule/http"
	xmlns="http://www.mulesoft.org/schema/mule/core" xmlns:doc="http://www.mulesoft.org/schema/mule/documentation" xmlns:xsi="http://www.w3.org/2001/XMLSchema-instance" xsi:schemaLocation="http://www.mulesoft.org/schema/mule/core http://www.mulesoft.org/schema/mule/core/current/mule.xsd
http://www.mulesoft.org/schema/mule/http http://www.mulesoft.org/schema/mule/http/current/mule-http.xsd
http://www.mulesoft.org/schema/mule/db http://www.mulesoft.org/schema/mule/db/current/mule-db.xsd
http://www.mulesoft.org/schema/mule/ee/core http://www.mulesoft.org/schema/mule/ee/core/current/mule-ee.xsd">
	<http:listener-config name="HTTP_Listener_config" doc:name="HTTP Listener config" doc:id="bd8b0cbb-3de7-4dd6-80a7-796b355d4d42" >
		<http:listener-connection host="0.0.0.0" port="8081" />
	</http:listener-config>
	<db:config name="Database_Config" doc:name="Database Config" doc:id="b32718bd-0e20-417a-aa1f-6bb5dd6c090d" >
		<db:my-sql-connection host="iltdb.learn.mulesoft.com" port="3306" user="mule" password="mule" database="training"/>
	</db:config>
	<db:config name="Database_Config1" doc:name="Database Config" doc:id="1a678f49-1b3c-48cf-b684-bf551d88024f" >
		<db:generic-connection />
	</db:config>
	<db:config name="Database_Config2" doc:name="Database Config" doc:id="f3c80d30-0e5e-49be-8142-39898a081655" >
		<db:generic-connection />
	</db:config>
	<db:config name="Database_Config3" doc:name="Database Config" doc:id="e858bdfc-6c51-4294-9325-a26a6e5e5e72" >
		<db:generic-connection url="jdbc:derby://localhost:1527/memory:training" driverClassName="org.apache.derby.jdbc.ClientDriver" />
	</db:config>
	<flow name="training4-american-wsFlow" doc:id="a5821b2d-4350-435c-a066-5338fe0ed391" >
		<http:listener doc:name="Listener" doc:id="b09bceeb-4622-4880-916d-04e612aa743a" config-ref="HTTP_Listener_config" path="/flights"/>
		<db:select doc:name="Select" doc:id="edb1ae93-cd7d-46cd-b264-49b1b96dc33f" config-ref="Database_Config">
			<db:sql ><![CDATA[Select*FROM american]]></db:sql>
		</db:select>
		<ee:transform doc:name="Transform Message" doc:id="2e790582-c36c-468f-92f8-8825255055c3" >
			<ee:message >
				<ee:set-payload ><![CDATA[%dw 2.0
output application/json
---
payload]]></ee:set-payload>
			</ee:message>
		</ee:transform>
	</flow>
</mule>
